{
  "token_acc":1.0,
  "token_p":1.0,
  "token_r":1.0,
  "token_f":1.0,
  "ents_p":0.4769230769,
  "ents_r":0.2583333333,
  "ents_f":0.3351351351,
  "ents_per_type":{
    "SKILL: BUILDING":{
      "p":0.8333333333,
      "r":0.3571428571,
      "f":0.5
    },
    "SKILL: KNOWLEDGE":{
      "p":0.5555555556,
      "r":0.2272727273,
      "f":0.3225806452
    },
    "SKILL: SUPERVISION":{
      "p":0.0,
      "r":0.0,
      "f":0.0
    },
    "SKILL: PLANNING":{
      "p":0.3636363636,
      "r":0.2857142857,
      "f":0.32
    },
    "SKILL: MATERIALS":{
      "p":0.375,
      "r":0.2307692308,
      "f":0.2857142857
    },
    "SKILL: RESPONSIBILITIES":{
      "p":0.6153846154,
      "r":0.3076923077,
      "f":0.4102564103
    },
    "SKILL: EQUIPMENT":{
      "p":0.4,
      "r":0.2307692308,
      "f":0.2926829268
    }
  },
  "speed":10240.4903831069
}